/*
 Navicat Premium Data Transfer

 Source Server         : MySql
 Source Server Type    : MySQL
 Source Server Version : 80400 (8.4.0)
 Source Host           : localhost:3306
 Source Schema         : jinse_flowershop

 Target Server Type    : MySQL
 Target Server Version : 80400 (8.4.0)
 File Encoding         : 65001

 Date: 30/05/2026 15:07:24
*/

SET NAMES utf8mb4;
SET FOREIGN_KEY_CHECKS = 0;

-- ----------------------------
-- Table structure for activity
-- ----------------------------
DROP TABLE IF EXISTS `activity`;
CREATE TABLE `activity`  (
  `id` bigint NOT NULL AUTO_INCREMENT COMMENT 'жҙ»еҠЁID',
  `start_time` datetime NULL DEFAULT NULL COMMENT 'жҙ»еҠЁејҖе§Ӣж—¶й—ҙ',
  `end_time` datetime NULL DEFAULT NULL COMMENT 'жҙ»еҠЁз»“жқҹж—¶й—ҙ',
  `status` int NULL DEFAULT 0 COMMENT 'жҙ»еҠЁзҠ¶жҖҒ 0жңӘејҖе§Ӣ 1иҝӣиЎҢдёӯ 2е·Із»“жқҹ',
  `content` varchar(500) CHARACTER SET utf8mb4 COLLATE utf8mb4_0900_ai_ci NULL DEFAULT NULL COMMENT 'жҙ»еҠЁз®Җд»Ӣ',
  `limit_per` int NULL DEFAULT NULL COMMENT 'йҷҗиҙӯж•°йҮҸ',
  `create_time` datetime NULL DEFAULT NULL COMMENT 'еҲӣе»әж—¶й—ҙ',
  `update_time` datetime NULL DEFAULT NULL COMMENT 'жӣҙж–°ж—¶й—ҙ',
  `create_user` bigint NULL DEFAULT NULL COMMENT 'еҲӣе»әдәә',
  `update_user` bigint NULL DEFAULT NULL COMMENT 'жӣҙж–°дәә',
  PRIMARY KEY (`id`) USING BTREE
) ENGINE = InnoDB AUTO_INCREMENT = 11 CHARACTER SET = utf8mb4 COLLATE = utf8mb4_0900_ai_ci COMMENT = 'жҙ»еҠЁиЎЁ' ROW_FORMAT = Dynamic;

-- ----------------------------
-- Records of activity
-- ----------------------------
INSERT INTO `activity` VALUES (5, '2026-05-13 00:00:00', '2026-05-28 00:00:00', 1, '520', 1, '2026-05-20 20:16:11', '2026-05-21 10:36:42', 1, 1);
INSERT INTO `activity` VALUES (7, '2026-05-31 00:00:00', '2026-06-30 00:00:00', 1, 'жҜ•дёҡеӯЈ', 5, '2026-05-21 10:38:35', '2026-05-29 19:26:51', 1, 1);
INSERT INTO `activity` VALUES (8, '2026-04-29 14:30:54', '2027-09-18 08:08:57', 1, 'sed dolore non', 40, '2026-05-21 20:51:12', '2026-05-23 15:35:42', 1, 1);
INSERT INTO `activity` VALUES (9, '2026-05-21 00:00:00', '2026-05-27 00:00:00', 1, 'жҜ•дёҡеӨ§зӨјеҢ…', 5, '2026-05-21 21:29:02', '2026-05-22 21:58:54', 1, 1);

-- ----------------------------
-- Table structure for activity_sale
-- ----------------------------
DROP TABLE IF EXISTS `activity_sale`;
CREATE TABLE `activity_sale`  (
  `id` bigint NOT NULL AUTO_INCREMENT COMMENT 'жҙ»еҠЁй”Җе”®ID',
  `activity_id` bigint NULL DEFAULT NULL COMMENT 'жҙ»еҠЁID',
  `flower_id` bigint NULL DEFAULT NULL COMMENT 'иҠұжқҹID',
  `original_price` decimal(10, 2) NULL DEFAULT NULL COMMENT 'еҺҹд»·',
  `discount_price` decimal(10, 2) NULL DEFAULT NULL COMMENT 'дјҳжғ д»·',
  `stock` int NULL DEFAULT NULL COMMENT 'еә“еӯҳж•°йҮҸ',
  `sale` int NULL DEFAULT 0 COMMENT 'е·Іе”®ж•°йҮҸ',
  `create_time` datetime NULL DEFAULT NULL COMMENT 'еҲӣе»әж—¶й—ҙ',
  `update_time` datetime NULL DEFAULT NULL COMMENT 'жӣҙж–°ж—¶й—ҙ',
  `create_user` bigint NULL DEFAULT NULL COMMENT 'еҲӣе»әдәә',
  `update_user` bigint NULL DEFAULT NULL COMMENT 'жӣҙж–°дәә',
  `version` int NULL DEFAULT 0 COMMENT 'зүҲжң¬еҸ·пјҲд№җи§Ӯй”Ғпјү',
  PRIMARY KEY (`id`) USING BTREE
) ENGINE = InnoDB AUTO_INCREMENT = 50 CHARACTER SET = utf8mb4 COLLATE = utf8mb4_0900_ai_ci COMMENT = 'жҙ»еҠЁй”Җе”®иЎЁ' ROW_FORMAT = Dynamic;

-- ----------------------------
-- Records of activity_sale
-- ----------------------------
INSERT INTO `activity_sale` VALUES (37, 5, 32, 100.00, 80.00, 110, 0, '2026-05-24 14:22:12', '2026-05-24 14:22:12', 1, 1, 0);
INSERT INTO `activity_sale` VALUES (38, 5, 33, 30.00, 20.00, 221, 1, '2026-05-24 14:23:38', '2026-05-24 14:23:38', 1, 1, 0);
INSERT INTO `activity_sale` VALUES (39, 9, 34, 250.00, 244.00, 109, 1, '2026-05-24 14:45:00', '2026-05-24 14:45:00', 1, 1, 0);
INSERT INTO `activity_sale` VALUES (40, 7, 35, 250.00, 233.00, 109, 1, '2026-05-24 14:50:16', '2026-05-24 14:50:16', 1, 1, 0);
INSERT INTO `activity_sale` VALUES (41, 9, 36, 100.00, 80.00, 1105, 5, '2026-05-24 14:51:33', '2026-05-24 14:51:33', 1, 1, 0);
INSERT INTO `activity_sale` VALUES (42, 7, 37, 30.00, 20.00, 110, 1, '2026-05-24 14:51:48', '2026-05-24 14:51:48', 1, 1, 0);
INSERT INTO `activity_sale` VALUES (43, 8, 38, 88.00, 68.00, 1096, 14, '2026-05-24 14:52:10', '2026-05-24 14:52:10', 1, 1, 0);
INSERT INTO `activity_sale` VALUES (44, 9, 39, 50.00, 48.00, 55, 0, '2026-05-24 16:19:06', '2026-05-24 16:19:06', 1, 1, 0);
INSERT INTO `activity_sale` VALUES (45, 9, 40, 30.00, 28.00, 234, 10, '2026-05-24 16:19:47', '2026-05-24 16:19:47', 1, 1, 0);
INSERT INTO `activity_sale` VALUES (46, 8, 41, 240.99, 48.29, 47, 69, '2026-05-24 16:25:14', '2026-05-24 16:44:14', 1, 1, 0);
INSERT INTO `activity_sale` VALUES (48, 9, 43, 25.00, 20.00, 0, 1, '2026-05-28 11:42:40', '2026-05-28 11:42:40', 1, 1, 0);
INSERT INTO `activity_sale` VALUES (49, 9, 44, 50.00, 48.00, 4, 1, '2026-05-29 19:27:29', '2026-05-29 19:27:29', 1, 1, 0);

-- ----------------------------
-- Table structure for address_book
-- ----------------------------
DROP TABLE IF EXISTS `address_book`;
CREATE TABLE `address_book`  (
  `id` bigint NOT NULL AUTO_INCREMENT COMMENT 'ең°еқҖз°ҝID',
  `user_id` bigint NULL DEFAULT NULL COMMENT 'з”ЁжҲ·ID',
  `consignee` varchar(32) CHARACTER SET utf8mb4 COLLATE utf8mb4_0900_ai_ci NULL DEFAULT NULL COMMENT 'ж”¶иҙ§дәә',
  `phone` varchar(20) CHARACTER SET utf8mb4 COLLATE utf8mb4_0900_ai_ci NULL DEFAULT NULL COMMENT 'жүӢжңәеҸ·',
  `province_code` varchar(12) CHARACTER SET utf8mb4 COLLATE utf8mb4_0900_ai_ci NULL DEFAULT NULL COMMENT 'зңҒзә§еҢәеҲ’зј–еҸ·',
  `province_name` varchar(32) CHARACTER SET utf8mb4 COLLATE utf8mb4_0900_ai_ci NULL DEFAULT NULL COMMENT 'зңҒзә§еҗҚз§°',
  `city_code` varchar(12) CHARACTER SET utf8mb4 COLLATE utf8mb4_0900_ai_ci NULL DEFAULT NULL COMMENT 'еёӮзә§еҢәеҲ’зј–еҸ·',
  `city_name` varchar(32) CHARACTER SET utf8mb4 COLLATE utf8mb4_0900_ai_ci NULL DEFAULT NULL COMMENT 'еёӮзә§еҗҚз§°',
  `district_code` varchar(12) CHARACTER SET utf8mb4 COLLATE utf8mb4_0900_ai_ci NULL DEFAULT NULL COMMENT 'еҢәзә§еҢәеҲ’зј–еҸ·',
  `district_name` varchar(32) CHARACTER SET utf8mb4 COLLATE utf8mb4_0900_ai_ci NULL DEFAULT NULL COMMENT 'еҢәзә§еҗҚз§°',
  `detail` varchar(255) CHARACTER SET utf8mb4 COLLATE utf8mb4_0900_ai_ci NULL DEFAULT NULL COMMENT 'иҜҰз»Ҷең°еқҖ',
  `label` varchar(50) CHARACTER SET utf8mb4 COLLATE utf8mb4_0900_ai_ci NULL DEFAULT NULL COMMENT 'ж Үзӯҫ',
  `is_default` int NULL DEFAULT 0 COMMENT 'жҳҜеҗҰй»ҳи®Ө 0еҗҰ 1жҳҜ',
  PRIMARY KEY (`id`) USING BTREE
) ENGINE = InnoDB AUTO_INCREMENT = 7 CHARACTER SET = utf8mb4 COLLATE = utf8mb4_0900_ai_ci COMMENT = 'ең°еқҖз°ҝиЎЁ' ROW_FORMAT = Dynamic;

-- ----------------------------
-- Records of address_book
-- ----------------------------
INSERT INTO `address_book` VALUES (2, 7, 'еј дёү', '13131313123', '130000', 'жІіеҢ—зңҒ', '130200', 'е”җеұұеёӮ', '130204', 'еҸӨеҶ¶еҢә', '123', 'е…¬еҸё', 1);
INSERT INTO `address_book` VALUES (3, 7, '123', '13121212123', '440000', 'е№ҝдёңзңҒ', '440300', 'ж·ұеңіеёӮ', '440305', 'еҚ—еұұеҢә', '123', 'еӯҰж Ў', 0);
INSERT INTO `address_book` VALUES (4, 7, 'иҝҷдәӣ', '13132323234', '440000', 'е№ҝдёңзңҒ', '440100', 'е№ҝе·һеёӮ', '440103', 'иҚ”ж№ҫеҢә', '12', 'е®¶', 0);
INSERT INTO `address_book` VALUES (5, 9, 'жқҺеӣӣ', '13132323532', '440000', 'е№ҝдёңзңҒ', '440600', 'дҪӣеұұеёӮ', '440605', 'еҚ—жө·еҢә', 'дҪӣеұұеӨ§еӯҰ', 'еӯҰж Ў', 0);

-- ----------------------------
-- Table structure for category
-- ----------------------------
DROP TABLE IF EXISTS `category`;
CREATE TABLE `category`  (
  `id` bigint NOT NULL AUTO_INCREMENT COMMENT 'еҲҶзұ»ID',
  `name` varchar(32) CHARACTER SET utf8mb4 COLLATE utf8mb4_0900_ai_ci NULL DEFAULT NULL COMMENT 'еҲҶзұ»еҗҚз§°',
  `sort` int NULL DEFAULT 0 COMMENT 'жҺ’еәҸ',
  `status` int NULL DEFAULT 1 COMMENT 'зҠ¶жҖҒ 0зҰҒз”Ё 1еҗҜз”Ё',
  `create_time` datetime NULL DEFAULT NULL COMMENT 'еҲӣе»әж—¶й—ҙ',
  `update_time` datetime NULL DEFAULT NULL COMMENT 'жӣҙж–°ж—¶й—ҙ',
  `create_user` bigint NULL DEFAULT NULL COMMENT 'еҲӣе»әдәә',
  `update_user` bigint NULL DEFAULT NULL COMMENT 'жӣҙж–°дәә',
  `image` varchar(500) CHARACTER SET utf8mb4 COLLATE utf8mb4_0900_ai_ci NULL DEFAULT NULL COMMENT 'еҲҶзұ»еӣҫзүҮ',
  PRIMARY KEY (`id`) USING BTREE
) ENGINE = InnoDB AUTO_INCREMENT = 15 CHARACTER SET = utf8mb4 COLLATE = utf8mb4_0900_ai_ci COMMENT = 'еҲҶзұ»иЎЁ' ROW_FORMAT = Dynamic;

-- ----------------------------
-- Records of category
-- ----------------------------
INSERT INTO `category` VALUES (6, 'иҠұжқҹ', 0, 1, '2026-05-17 20:17:52', '2026-05-19 20:36:12', 1, 1, 'https://jinse-flowershop.oss-cn-beijing.aliyuncs.com/1b0e4358-3a78-45e3-baf0-2bb47204ed70.jpg');
INSERT INTO `category` VALUES (9, 'еӣӯжһ—йҖ жҷҜ', 1, 1, '2026-05-17 20:43:55', '2026-05-19 13:08:22', 1, 1, 'https://jinse-flowershop.oss-cn-beijing.aliyuncs.com/3656fa8e-7428-4906-86e2-5cbfb721e424.jpg');
INSERT INTO `category` VALUES (11, 'зӣҶж Ҫ', 0, 1, '2026-05-18 12:11:56', '2026-05-19 13:08:56', 1, 1, 'https://jinse-flowershop.oss-cn-beijing.aliyuncs.com/2ab71c5a-ddfd-4a6d-b45c-81001c6ba037.jpg');
INSERT INTO `category` VALUES (13, 'дҝғй”Җ', 2, 0, '2026-05-19 13:09:17', '2026-05-19 20:22:48', 1, 1, 'https://jinse-flowershop.oss-cn-beijing.aliyuncs.com/fb9c7431-abce-4d47-a093-339f07e99770.jpg');
INSERT INTO `category` VALUES (14, 'еӨҡиӮү', 2, 1, '2026-05-19 18:05:53', '2026-05-19 18:19:27', 1, 1, 'https://jinse-flowershop.oss-cn-beijing.aliyuncs.com/f03c934d-7286-434b-a439-bd2503f688c9.jpg');

-- ----------------------------
-- Table structure for comment
-- ----------------------------
DROP TABLE IF EXISTS `comment`;
CREATE TABLE `comment`  (
  `id` bigint NOT NULL AUTO_INCREMENT COMMENT 'иҜ„и®әID',
  `user_id` bigint NULL DEFAULT NULL COMMENT 'з”ЁжҲ·ID',
  `flower_id` bigint NULL DEFAULT NULL COMMENT 'иҠұжқҹID',
  `rating` int NULL DEFAULT NULL COMMENT 'иҜ„д»·зӯүзә§',
  `content` varchar(500) CHARACTER SET utf8mb4 COLLATE utf8mb4_0900_ai_ci NULL DEFAULT NULL COMMENT 'иҜ„и®әеҶ…е®№',
  `create_time` datetime NULL DEFAULT NULL COMMENT 'еҲӣе»әж—¶й—ҙ',
  `like_count` int NULL DEFAULT 0 COMMENT 'зӮ№иөһж•°',
  `reply_count` int NULL DEFAULT 0 COMMENT 'еӣһеӨҚж•°',
  PRIMARY KEY (`id`) USING BTREE
) ENGINE = InnoDB AUTO_INCREMENT = 16 CHARACTER SET = utf8mb4 COLLATE = utf8mb4_0900_ai_ci COMMENT = 'иҜ„и®әиЎЁ' ROW_FORMAT = Dynamic;

-- ----------------------------
-- Records of comment
-- ----------------------------
INSERT INTO `comment` VALUES (1, NULL, 40, 5, 'еҫҲеҘҪ', '2026-05-27 21:18:52', 1, 0);
INSERT INTO `comment` VALUES (2, NULL, 39, 2, 'дёҖиҲ¬иҲ¬', '2026-05-27 21:19:38', 0, 0);
INSERT INTO `comment` VALUES (3, NULL, 39, 4, 'иҝҳиЎҢ\n', '2026-05-28 10:19:31', 0, 0);
INSERT INTO `comment` VALUES (4, NULL, 39, 5, 'ok', '2026-05-28 11:31:55', 0, 0);
INSERT INTO `comment` VALUES (5, 9, 40, 5, 'еҘҪ', '2026-05-28 15:12:31', 0, 0);
INSERT INTO `comment` VALUES (6, 9, 35, 5, 'еҘҪ', '2026-05-28 15:37:05', 0, 0);
INSERT INTO `comment` VALUES (7, 9, 33, 4, 'дёҖиҲ¬иҲ¬', '2026-05-28 21:54:09', 0, 0);
INSERT INTO `comment` VALUES (9, 9, 40, 1, 'дёҚиЎҢ', '2026-05-29 12:53:40', 0, 0);
INSERT INTO `comment` VALUES (10, 9, 40, 1, 'е·®иҜ„', '2026-05-29 12:53:45', 0, 0);
INSERT INTO `comment` VALUES (11, 9, 40, 1, 'иҠұи°ўдәҶ', '2026-05-29 12:53:59', 0, 0);
INSERT INTO `comment` VALUES (12, 9, 40, 5, 'д№ҹе°ұйӮЈж ·', '2026-05-29 12:54:04', 0, 0);
INSERT INTO `comment` VALUES (13, 9, 40, 3, 'иҝҳиЎҢ', '2026-05-29 12:54:14', 0, 0);
INSERT INTO `comment` VALUES (14, 9, 40, 5, 'дёҖиҲ¬иҲ¬', '2026-05-29 12:54:23', 0, 0);
INSERT INTO `comment` VALUES (15, 9, 40, 5, 'OK', '2026-05-29 12:54:29', 0, 0);
INSERT INTO `comment` VALUES (1, 1, 1, 5, 'иҠұеҫҲж–°йІңпјҢеҘіжңӢеҸӢеҫҲе–ңж¬ўпјҒ', '2026-05-29 10:00:00', 3, 0);
INSERT INTO `comment` VALUES (2, 2, 16, 4, 'д»·ж је®һжғ пјҢиҙЁйҮҸдёҚй”ҷ', '2026-05-29 12:00:00', 1, 0);
INSERT INTO `comment` VALUES (3, 1, 4, 5, 'жҜ•дёҡиҠұжқҹеӨӘжЈ’дәҶпјҢеҗҢеӯҰд»¬йғҪеҫҲе–ңж¬ў', '2026-05-30 09:00:00', 5, 0);
INSERT INTO `comment` VALUES (4, 3, 12, 4, 'жңҲеӯЈиҠұејҖеҫ—еҫҲеҘҪ', '2026-05-30 11:00:00', 0, 0);
INSERT INTO `comment` VALUES (5, 2, 2, 3, 'зҷҫеҗҲиҠұжңүзӮ№и”«дәҶ', '2026-05-30 14:00:00', 0, 0);
INSERT INTO `comment` VALUES (6, 4, 7, 5, 'иқҙиқ¶е…°йқһеёёжјӮдә®пјҢеҖјеҫ—иҙӯд№°', '2026-05-31 09:00:00', 2, 0);
INSERT INTO `comment` VALUES (7, 1, 6, 4, 'зәўжҺҢе…»дәҶдёҖдёӘжңҲиҝҳжҙ»зқҖпјҢдёҚй”ҷ', '2026-06-01 10:00:00', 0, 0);
INSERT INTO `comment` VALUES (8, 5, 19, 5, 'и”·и–ҮеҫҲйҰҷпјҢжҺЁиҚҗпјҒ', '2026-06-01 15:00:00', 1, 0);
INSERT INTO `comment` VALUES (9, 3, 18, 2, 'ж»ЎеӨ©жҳҹж”¶еҲ°ж—¶жңүдәӣеҺӢеқҸдәҶ', '2026-06-02 09:00:00', 0, 0);
INSERT INTO `comment` VALUES (10, 6, 15, 5, 'дҝғй”Җд»·ж јеҫҲеҲ’з®—', '2026-06-02 14:00:00', 2, 0);


-- ----------------------------
-- Table structure for employee
-- ----------------------------
DROP TABLE IF EXISTS `employee`;
CREATE TABLE `employee`  (
  `id` bigint NOT NULL AUTO_INCREMENT COMMENT 'е‘ҳе·ҘID',
  `name` varchar(32) CHARACTER SET utf8mb4 COLLATE utf8mb4_0900_ai_ci NULL DEFAULT NULL COMMENT 'е§“еҗҚ',
  `username` varchar(32) CHARACTER SET utf8mb4 COLLATE utf8mb4_0900_ai_ci NOT NULL COMMENT 'иҙҰеҸ·',
  `password` varchar(64) CHARACTER SET utf8mb4 COLLATE utf8mb4_0900_ai_ci NOT NULL COMMENT 'еҜҶз Ғ',
  `phone` varchar(11) CHARACTER SET utf8mb4 COLLATE utf8mb4_0900_ai_ci NULL DEFAULT NULL COMMENT 'жүӢжңәеҸ·',
  `sex` varchar(2) CHARACTER SET utf8mb4 COLLATE utf8mb4_0900_ai_ci NULL DEFAULT NULL COMMENT 'жҖ§еҲ« 0еҘі 1з”·',
  `id_number` varchar(18) CHARACTER SET utf8mb4 COLLATE utf8mb4_0900_ai_ci NULL DEFAULT NULL COMMENT 'иә«д»ҪиҜҒеҸ·',
  `status` int NULL DEFAULT 1 COMMENT 'зҠ¶жҖҒ 0зҰҒз”Ё 1жӯЈеёё',
  `create_time` datetime NULL DEFAULT NULL COMMENT 'еҲӣе»әж—¶й—ҙ',
  `update_time` datetime NULL DEFAULT NULL COMMENT 'жӣҙж–°ж—¶й—ҙ',
  `create_user` bigint NULL DEFAULT NULL COMMENT 'еҲӣе»әдәә',
  `update_user` bigint NULL DEFAULT NULL COMMENT 'жӣҙж–°дәә',
  PRIMARY KEY (`id`) USING BTREE,
  UNIQUE INDEX `uk_username`(`username` ASC) USING BTREE
) ENGINE = InnoDB AUTO_INCREMENT = 21 CHARACTER SET = utf8mb4 COLLATE = utf8mb4_0900_ai_ci COMMENT = 'е‘ҳе·ҘиЎЁ' ROW_FORMAT = Dynamic;

-- ----------------------------
-- Records of employee
-- ----------------------------
INSERT INTO `employee` VALUES (1, 'з®ЎзҗҶе‘ҳ', 'admin', '21232f297a57a5a743894a0e4a801fc3', '13800138000', '1', '110101199001011234', 1, '2026-05-17 15:51:56', '2026-05-19 11:48:51', 1, 1);
INSERT INTO `employee` VALUES (19, 'жқҺеӣӣ', '123', 'e10adc3949ba59abbe56e057f20f883e', '111111111', '1', '52555555', 1, '2026-05-18 21:36:57', '2026-05-19 11:47:05', 1, 1);

-- ----------------------------
-- Table structure for flower
-- ----------------------------
DROP TABLE IF EXISTS `flower`;
CREATE TABLE `flower`  (
  `id` bigint NOT NULL AUTO_INCREMENT COMMENT 'йІңиҠұID',
  `name` varchar(64) CHARACTER SET utf8mb4 COLLATE utf8mb4_0900_ai_ci NULL DEFAULT NULL COMMENT 'йІңиҠұеҗҚз§°',
  `category_id` bigint NULL DEFAULT NULL COMMENT 'еҲҶзұ»ID',
  `price` decimal(10, 2) NULL DEFAULT NULL COMMENT 'д»·ж ј',
  `image` varchar(500) CHARACTER SET utf8mb4 COLLATE utf8mb4_0900_ai_ci NULL DEFAULT NULL COMMENT 'еӣҫзүҮ',
  `description` varchar(500) CHARACTER SET utf8mb4 COLLATE utf8mb4_0900_ai_ci NULL DEFAULT NULL COMMENT 'жҸҸиҝ°дҝЎжҒҜ',
  `status` int NULL DEFAULT 1 COMMENT 'зҠ¶жҖҒ 0еҒңе”® 1иө·е”®',
  `create_time` datetime NULL DEFAULT NULL COMMENT 'еҲӣе»әж—¶й—ҙ',
  `update_time` datetime NULL DEFAULT NULL COMMENT 'жӣҙж–°ж—¶й—ҙ',
  `create_user` bigint NULL DEFAULT NULL COMMENT 'еҲӣе»әдәә',
  `update_user` bigint NULL DEFAULT NULL COMMENT 'жӣҙж–°дәә',
  PRIMARY KEY (`id`) USING BTREE
) ENGINE = InnoDB AUTO_INCREMENT = 45 CHARACTER SET = utf8mb4 COLLATE = utf8mb4_0900_ai_ci COMMENT = 'йІңиҠұиЎЁ' ROW_FORMAT = Dynamic;

-- ----------------------------
-- Records of flower
-- ----------------------------
INSERT INTO `flower` VALUES (1, 'зҺ«з‘°', 85, 60.01, 'https://jinse-flowershop.oss-cn-beijing.aliyuncs.com/ea575cdf-ac9a-4105-9cfe-3cdc2ab0edf7.jpg', 'зҺ«з‘°', 0, '2026-05-17 20:29:00', '2026-05-17 20:29:00', 1, 1);
INSERT INTO `flower` VALUES (3, 'еӨҡиӮү', 14, 15.00, 'https://jinse-flowershop.oss-cn-beijing.aliyuncs.com/c69fda2f-cf44-4862-bd52-d3b665ca7e1b.jpg', 'иӮүиӮү', 1, '2026-05-19 18:45:24', '2026-05-19 18:45:24', 1, 1);
INSERT INTO `flower` VALUES (9, 'зҷҪжҺҢ', 11, 20.00, 'https://jinse-flowershop.oss-cn-beijing.aliyuncs.com/4faede0d-cd5f-4aa8-81b5-be157046668a.jpg', 'зҷҪжҜӣжө®з»ҝж°ҙ', 0, '2026-05-19 19:35:31', '2026-05-19 19:35:31', 1, 1);
INSERT INTO `flower` VALUES (10, 'зҷҫеҗҲ', 6, 30.00, 'https://jinse-flowershop.oss-cn-beijing.aliyuncs.com/b889ea94-b2dc-4704-a4d3-9c1c99877ac7.jpg', 'йҰҷж°ҙзҷҫеҗҲ', 0, '2026-05-19 19:36:18', '2026-05-19 19:36:18', 1, 1);
INSERT INTO `flower` VALUES (11, 'жҜ•дёҡиҠұжқҹ', 6, 256.00, 'https://jinse-flowershop.oss-cn-beijing.aliyuncs.com/c3187777-9081-4d6f-a7af-1fa41039c838.jpg', 'жҜ•дёҡеӯЈ', 1, '2026-05-19 19:41:41', '2026-05-19 19:41:41', 1, 1);
INSERT INTO `flower` VALUES (12, 'зәўжҺҢ', 11, 30.00, 'https://jinse-flowershop.oss-cn-beijing.aliyuncs.com/cce459a4-4d2c-4912-a8ac-2020b68ef83d.jpg', 'зәўжҺҢ', 1, '2026-05-19 19:42:06', '2026-05-19 19:42:06', 1, 1);
INSERT INTO `flower` VALUES (13, 'иқҙиқ¶е…°', 11, 188.00, 'https://jinse-flowershop.oss-cn-beijing.aliyuncs.com/cb34b0d2-e6b3-468d-ae12-47e0446fc07a.jpg', 'иқҙиқ¶е…°', 0, '2026-05-19 19:42:52', '2026-05-19 19:42:52', 1, 1);
INSERT INTO `flower` VALUES (14, 'еҪ©иҸҠ', 11, 15.00, 'https://jinse-flowershop.oss-cn-beijing.aliyuncs.com/1c015028-e165-4dba-b5bd-261076f85a14.jpg', 'иҸҠиҠұ', 0, '2026-05-19 19:43:49', '2026-05-19 19:43:49', 1, 1);
INSERT INTO `flower` VALUES (15, 'еҗӣеӯҗе…°', 11, 25.00, 'https://jinse-flowershop.oss-cn-beijing.aliyuncs.com/a8fc64d0-a6f6-4d12-a71a-7531e94cc1eb.jpg', 'еҗӣеӯҗе…°', 0, '2026-05-19 19:44:37', '2026-05-19 19:44:37', 1, 1);
INSERT INTO `flower` VALUES (16, 'еә·д№ғйҰЁ', 6, 88.00, 'https://jinse-flowershop.oss-cn-beijing.aliyuncs.com/33d13b56-79cb-4fce-b3f2-f52dbda30751.jpg', 'еә·д№ғйҰЁ', 1, '2026-05-19 19:45:09', '2026-05-19 19:45:09', 1, 1);
INSERT INTO `flower` VALUES (17, 'ж»ЎеӨ©жҳҹ', 11, 30.00, 'https://jinse-flowershop.oss-cn-beijing.aliyuncs.com/d2ce22a3-3124-4c6c-970b-c13ed0d47adf.png', 'ж»ЎеӨ©жҳҹ', 1, '2026-05-19 19:45:33', '2026-05-19 19:45:33', 1, 1);
INSERT INTO `flower` VALUES (19, 'зҺ«з‘°жө·жЈ ', 11, 30.00, 'https://jinse-flowershop.oss-cn-beijing.aliyuncs.com/30cb3ace-245f-4d41-805f-a1ffa35c520f.jpg', 'зҺ«з‘°жө·жЈ ', 1, '2026-05-19 19:46:45', '2026-05-19 19:46:45', 1, 1);
INSERT INTO `flower` VALUES (20, 'зҺ«з‘°иҠұжқҹ', 6, 188.00, 'https://jinse-flowershop.oss-cn-beijing.aliyuncs.com/0219d7d3-b180-4402-b804-a149ef7032e6.jpg', 'зҺ«з‘°иҠұжқҹ', 1, '2026-05-19 19:47:09', '2026-05-19 19:47:09', 1, 1);
INSERT INTO `flower` VALUES (21, 'и”·и–Ү', 9, 50.00, 'https://jinse-flowershop.oss-cn-beijing.aliyuncs.com/18805b28-6b15-433d-ab9a-39010c628235.jpg', 'и”·и–Ү', 1, '2026-05-19 19:47:30', '2026-05-19 19:47:30', 1, 1);
INSERT INTO `flower` VALUES (24, 'ж°ҙд»ҷиҠұ', 11, 40.00, 'https://jinse-flowershop.oss-cn-beijing.aliyuncs.com/43c9585e-24f4-484c-9bbd-6121ca7ebb89.jpg', 'ж°ҙд»ҷиҠұ', 1, '2026-05-19 19:48:43', '2026-05-19 19:48:43', 1, 1);
INSERT INTO `flower` VALUES (25, 'жңҲеӯЈ', 9, 100.00, 'https://jinse-flowershop.oss-cn-beijing.aliyuncs.com/8e8d9e91-fb74-4eea-ae88-b179e37ec32b.jpg', 'жңҲеӯЈ', 1, '2026-05-19 19:49:04', '2026-05-19 19:49:04', 1, 1);
INSERT INTO `flower` VALUES (32, '[дҝғй”Җ]жңҲеӯЈ', 9, 80.00, 'https://jinse-flowershop.oss-cn-beijing.aliyuncs.com/8e8d9e91-fb74-4eea-ae88-b179e37ec32b.jpg', 'жңҲеӯЈ', 1, '2026-05-24 14:22:12', '2026-05-24 14:22:12', 1, 1);
INSERT INTO `flower` VALUES (33, '[дҝғй”Җ]зҺ«з‘°жө·жЈ ', 11, 20.00, 'https://jinse-flowershop.oss-cn-beijing.aliyuncs.com/30cb3ace-245f-4d41-805f-a1ffa35c520f.jpg', 'зҺ«з‘°жө·жЈ ', 1, '2026-05-24 14:23:38', '2026-05-24 14:23:38', 1, 1);
INSERT INTO `flower` VALUES (34, '[дҝғй”Җ]жғ…дәәиҠӮиҠұжқҹ', 6, 244.00, 'https://jinse-flowershop.oss-cn-beijing.aliyuncs.com/8574d39e-8336-4aa0-a728-450b7dd2885c.jpg', 'жғ…дәәиҠӮ', 1, '2026-05-24 14:45:00', '2026-05-24 14:45:00', 1, 1);
INSERT INTO `flower` VALUES (35, '[дҝғй”Җ]жғ…дәәиҠӮиҠұжқҹ', 6, 233.00, 'https://jinse-flowershop.oss-cn-beijing.aliyuncs.com/8574d39e-8336-4aa0-a728-450b7dd2885c.jpg', 'жғ…дәәиҠӮ', 1, '2026-05-24 14:50:16', '2026-05-24 14:50:16', 1, 1);
INSERT INTO `flower` VALUES (36, '[дҝғй”Җ]жңҲеӯЈ', 9, 80.00, 'https://jinse-flowershop.oss-cn-beijing.aliyuncs.com/8e8d9e91-fb74-4eea-ae88-b179e37ec32b.jpg', 'жңҲеӯЈ', 1, '2026-05-24 14:51:33', '2026-05-24 14:51:33', 1, 1);
INSERT INTO `flower` VALUES (37, '[дҝғй”Җ]ж»ЎеӨ©жҳҹ', 11, 20.00, 'https://jinse-flowershop.oss-cn-beijing.aliyuncs.com/d2ce22a3-3124-4c6c-970b-c13ed0d47adf.png', 'ж»ЎеӨ©жҳҹ', 1, '2026-05-24 14:51:48', '2026-05-24 14:51:48', 1, 1);
INSERT INTO `flower` VALUES (38, '[дҝғй”Җ]еә·д№ғйҰЁ', 6, 68.00, 'https://jinse-flowershop.oss-cn-beijing.aliyuncs.com/33d13b56-79cb-4fce-b3f2-f52dbda30751.jpg', 'еә·д№ғйҰЁ', 1, '2026-05-24 14:52:10', '2026-05-24 14:52:10', 1, 1);
INSERT INTO `flower` VALUES (39, '[дҝғй”Җ]и”·и–Ү', 9, 48.00, 'https://jinse-flowershop.oss-cn-beijing.aliyuncs.com/18805b28-6b15-433d-ab9a-39010c628235.jpg', 'и”·и–Ү', 1, '2026-05-24 16:19:05', '2026-05-24 16:19:05', 1, 1);
INSERT INTO `flower` VALUES (40, '[дҝғй”Җ]ж»ЎеӨ©жҳҹ', 11, 28.00, 'https://jinse-flowershop.oss-cn-beijing.aliyuncs.com/d2ce22a3-3124-4c6c-970b-c13ed0d47adf.png', 'ж»ЎеӨ©жҳҹ', 1, '2026-05-24 16:19:47', '2026-05-24 16:19:47', 1, 1);
INSERT INTO `flower` VALUES (41, '[дҝғй”Җ]жңҲеӯЈ180', 9, 48.29, 'https://loremflickr.com/400/400?lock=728997696122934', 'жңҲеӯЈгҖӮ', 1, '2026-05-24 16:25:14', '2026-05-24 16:25:14', 1, 1);
INSERT INTO `flower` VALUES (43, '[дҝғй”Җ]еҗӣеӯҗе…°', 11, 20.00, 'https://jinse-flowershop.oss-cn-beijing.aliyuncs.com/a8fc64d0-a6f6-4d12-a71a-7531e94cc1eb.jpg', 'еҗӣеӯҗе…°', 1, '2026-05-28 11:42:40', '2026-05-28 11:42:40', 1, 1);
INSERT INTO `flower` VALUES (44, '[дҝғй”Җ]и”·и–Ү', 9, 48.00, 'https://jinse-flowershop.oss-cn-beijing.aliyuncs.com/18805b28-6b15-433d-ab9a-39010c628235.jpg', 'и”·и–Ү', 1, '2026-05-29 19:27:29', '2026-05-29 19:27:29', 1, 1);

-- ----------------------------
-- Table structure for order_detail
-- ----------------------------
DROP TABLE IF EXISTS `order_detail`;
CREATE TABLE `order_detail`  (
  `id` bigint NOT NULL AUTO_INCREMENT COMMENT 'и®ўеҚ•жҳҺз»ҶID',
  `name` varchar(32) CHARACTER SET utf8mb4 COLLATE utf8mb4_0900_ai_ci NULL DEFAULT NULL COMMENT 'еҗҚз§°',
  `order_id` bigint NULL DEFAULT NULL COMMENT 'и®ўеҚ•ID',
  `flower_id` bigint NULL DEFAULT NULL COMMENT 'йІңиҠұID',
  `number` int NULL DEFAULT NULL COMMENT 'ж•°йҮҸ',
  `amount` decimal(10, 2) NULL DEFAULT NULL COMMENT 'йҮ‘йўқ',
  `image` varchar(500) CHARACTER SET utf8mb4 COLLATE utf8mb4_0900_ai_ci NULL DEFAULT NULL COMMENT 'еӣҫзүҮ',
  PRIMARY KEY (`id`) USING BTREE
) ENGINE = InnoDB AUTO_INCREMENT = 128 CHARACTER SET = utf8mb4 COLLATE = utf8mb4_0900_ai_ci COMMENT = 'и®ўеҚ•жҳҺз»ҶиЎЁ' ROW_FORMAT = Dynamic;

-- ----------------------------
-- Records of order_detail
-- ----------------------------
INSERT INTO `order_detail` VALUES (1, 'зҺ«з‘°жө·жЈ ', 3, 19, 2, 30.00, 'https://jinse-flowershop.oss-cn-beijing.aliyuncs.com/30cb3ace-245f-4d41-805f-a1ffa35c520f.jpg');
INSERT INTO `order_detail` VALUES (2, 'еӨҡиӮү', 3, 3, 2, 15.00, 'https://jinse-flowershop.oss-cn-beijing.aliyuncs.com/c69fda2f-cf44-4862-bd52-d3b665ca7e1b.jpg');
INSERT INTO `order_detail` VALUES (3, 'жңҲеӯЈ', 3, 25, 3, 100.00, 'https://jinse-flowershop.oss-cn-beijing.aliyuncs.com/8e8d9e91-fb74-4eea-ae88-b179e37ec32b.jpg');
INSERT INTO `order_detail` VALUES (4, '[дҝғй”Җ]ж»ЎеӨ©жҳҹ', 3, 40, 1, 28.00, 'https://jinse-flowershop.oss-cn-beijing.aliyuncs.com/d2ce22a3-3124-4c6c-970b-c13ed0d47adf.png');
INSERT INTO `order_detail` VALUES (5, '[дҝғй”Җ]и”·и–Ү', 3, 39, 2, 48.00, 'https://jinse-flowershop.oss-cn-beijing.aliyuncs.com/18805b28-6b15-433d-ab9a-39010c628235.jpg');
INSERT INTO `order_detail` VALUES (6, 'и”·и–Ү', 3, 21, 1, 50.00, 'https://jinse-flowershop.oss-cn-beijing.aliyuncs.com/18805b28-6b15-433d-ab9a-39010c628235.jpg');
INSERT INTO `order_detail` VALUES (7, '[дҝғй”Җ]жңҲеӯЈ', 3, 36, 1, 80.00, 'https://jinse-flowershop.oss-cn-beijing.aliyuncs.com/8e8d9e91-fb74-4eea-ae88-b179e37ec32b.jpg');
INSERT INTO `order_detail` VALUES (8, 'зҺ«з‘°', 3, 1, 4, 60.01, 'https://jinse-flowershop.oss-cn-beijing.aliyuncs.com/ea575cdf-ac9a-4105-9cfe-3cdc2ab0edf7.jpg');
INSERT INTO `order_detail` VALUES (9, '[дҝғй”Җ]еә·д№ғйҰЁ', 3, 38, 4, 68.00, 'https://jinse-flowershop.oss-cn-beijing.aliyuncs.com/33d13b56-79cb-4fce-b3f2-f52dbda30751.jpg');
INSERT INTO `order_detail` VALUES (10, '[дҝғй”Җ]еә·д№ғйҰЁ', 4, 38, 1, 68.00, 'https://jinse-flowershop.oss-cn-beijing.aliyuncs.com/33d13b56-79cb-4fce-b3f2-f52dbda30751.jpg');
INSERT INTO `order_detail` VALUES (11, '[дҝғй”Җ]жңҲеӯЈ180', 4, 41, 1, 48.29, 'https://loremflickr.com/400/400?lock=728997696122934');
INSERT INTO `order_detail` VALUES (12, '[дҝғй”Җ]и”·и–Ү', 4, 39, 1, 48.00, 'https://jinse-flowershop.oss-cn-beijing.aliyuncs.com/18805b28-6b15-433d-ab9a-39010c628235.jpg');
INSERT INTO `order_detail` VALUES (13, '[дҝғй”Җ]ж»ЎеӨ©жҳҹ', 4, 40, 1, 28.00, 'https://jinse-flowershop.oss-cn-beijing.aliyuncs.com/d2ce22a3-3124-4c6c-970b-c13ed0d47adf.png');
INSERT INTO `order_detail` VALUES (14, '[дҝғй”Җ]жңҲеӯЈ', 5, 36, 3, 80.00, 'https://jinse-flowershop.oss-cn-beijing.aliyuncs.com/8e8d9e91-fb74-4eea-ae88-b179e37ec32b.jpg');
INSERT INTO `order_detail` VALUES (15, '[дҝғй”Җ]жғ…дәәиҠӮиҠұжқҹ', 5, 34, 2, 244.00, 'https://jinse-flowershop.oss-cn-beijing.aliyuncs.com/8574d39e-8336-4aa0-a728-450b7dd2885c.jpg');
INSERT INTO `order_detail` VALUES (16, '[дҝғй”Җ]и”·и–Ү', 5, 39, 1, 48.00, 'https://jinse-flowershop.oss-cn-beijing.aliyuncs.com/18805b28-6b15-433d-ab9a-39010c628235.jpg');
INSERT INTO `order_detail` VALUES (17, '[дҝғй”Җ]и”·и–Ү', 6, 39, 4, 48.00, 'https://jinse-flowershop.oss-cn-beijing.aliyuncs.com/18805b28-6b15-433d-ab9a-39010c628235.jpg');
INSERT INTO `order_detail` VALUES (18, '[дҝғй”Җ]еә·д№ғйҰЁ', 7, 38, 1, 68.00, 'https://jinse-flowershop.oss-cn-beijing.aliyuncs.com/33d13b56-79cb-4fce-b3f2-f52dbda30751.jpg');
INSERT INTO `order_detail` VALUES (19, '[дҝғй”Җ]и”·и–Ү', 7, 39, 2, 48.00, 'https://jinse-flowershop.oss-cn-beijing.aliyuncs.com/18805b28-6b15-433d-ab9a-39010c628235.jpg');
INSERT INTO `order_detail` VALUES (20, '[дҝғй”Җ]ж»ЎеӨ©жҳҹ', 7, 40, 4, 28.00, 'https://jinse-flowershop.oss-cn-beijing.aliyuncs.com/d2ce22a3-3124-4c6c-970b-c13ed0d47adf.png');
INSERT INTO `order_detail` VALUES (21, '[дҝғй”Җ]и”·и–Ү', 8, 39, 3, 48.00, 'https://jinse-flowershop.oss-cn-beijing.aliyuncs.com/18805b28-6b15-433d-ab9a-39010c628235.jpg');
INSERT INTO `order_detail` VALUES (22, '[дҝғй”Җ]и”·и–Ү', 9, 39, 5, 48.00, 'https://jinse-flowershop.oss-cn-beijing.aliyuncs.com/18805b28-6b15-433d-ab9a-39010c628235.jpg');
INSERT INTO `order_detail` VALUES (23, '[дҝғй”Җ]и”·и–Ү', 10, 39, 4, 48.00, 'https://jinse-flowershop.oss-cn-beijing.aliyuncs.com/18805b28-6b15-433d-ab9a-39010c628235.jpg');
INSERT INTO `order_detail` VALUES (24, '[дҝғй”Җ]еә·д№ғйҰЁ', 11, 38, 3, 68.00, 'https://jinse-flowershop.oss-cn-beijing.aliyuncs.com/33d13b56-79cb-4fce-b3f2-f52dbda30751.jpg');
INSERT INTO `order_detail` VALUES (25, '[дҝғй”Җ]и”·и–Ү', 12, 39, 3, 48.00, 'https://jinse-flowershop.oss-cn-beijing.aliyuncs.com/18805b28-6b15-433d-ab9a-39010c628235.jpg');
INSERT INTO `order_detail` VALUES (26, '[дҝғй”Җ]жғ…дәәиҠӮиҠұжқҹ', 13, 34, 4, 244.00, 'https://jinse-flowershop.oss-cn-beijing.aliyuncs.com/8574d39e-8336-4aa0-a728-450b7dd2885c.jpg');
INSERT INTO `order_detail` VALUES (27, '[дҝғй”Җ]и”·и–Ү', 14, 39, 4, 48.00, 'https://jinse-flowershop.oss-cn-beijing.aliyuncs.com/18805b28-6b15-433d-ab9a-39010c628235.jpg');
INSERT INTO `order_detail` VALUES (28, '[дҝғй”Җ]жңҲеӯЈ', 15, 36, 4, 80.00, 'https://jinse-flowershop.oss-cn-beijing.aliyuncs.com/8e8d9e91-fb74-4eea-ae88-b179e37ec32b.jpg');
INSERT INTO `order_detail` VALUES (29, '[дҝғй”Җ]жңҲеӯЈ', 16, 36, 4, 80.00, 'https://jinse-flowershop.oss-cn-beijing.aliyuncs.com/8e8d9e91-fb74-4eea-ae88-b179e37ec32b.jpg');
INSERT INTO `order_detail` VALUES (30, '[дҝғй”Җ]и”·и–Ү', 17, 39, 3, 48.00, 'https://jinse-flowershop.oss-cn-beijing.aliyuncs.com/18805b28-6b15-433d-ab9a-39010c628235.jpg');
INSERT INTO `order_detail` VALUES (31, '[дҝғй”Җ]и”·и–Ү', 18, 39, 4, 48.00, 'https://jinse-flowershop.oss-cn-beijing.aliyuncs.com/18805b28-6b15-433d-ab9a-39010c628235.jpg');
INSERT INTO `order_detail` VALUES (32, '[дҝғй”Җ]жңҲеӯЈ', 19, 36, 4, 80.00, 'https://jinse-flowershop.oss-cn-beijing.aliyuncs.com/8e8d9e91-fb74-4eea-ae88-b179e37ec32b.jpg');
INSERT INTO `order_detail` VALUES (33, '[дҝғй”Җ]еә·д№ғйҰЁ', 20, 38, 5, 68.00, 'https://jinse-flowershop.oss-cn-beijing.aliyuncs.com/33d13b56-79cb-4fce-b3f2-f52dbda30751.jpg');
INSERT INTO `order_detail` VALUES (34, '[дҝғй”Җ]жңҲеӯЈ', 21, 36, 3, 80.00, 'https://jinse-flowershop.oss-cn-beijing.aliyuncs.com/8e8d9e91-fb74-4eea-ae88-b179e37ec32b.jpg');
INSERT INTO `order_detail` VALUES (35, '[дҝғй”Җ]и”·и–Ү', 22, 39, 4, 48.00, 'https://jinse-flowershop.oss-cn-beijing.aliyuncs.com/18805b28-6b15-433d-ab9a-39010c628235.jpg');
INSERT INTO `order_detail` VALUES (36, '[дҝғй”Җ]и”·и–Ү', 23, 39, 3, 48.00, 'https://jinse-flowershop.oss-cn-beijing.aliyuncs.com/18805b28-6b15-433d-ab9a-39010c628235.jpg');
INSERT INTO `order_detail` VALUES (37, '[дҝғй”Җ]жғ…дәәиҠӮиҠұжқҹ', 24, 34, 4, 244.00, 'https://jinse-flowershop.oss-cn-beijing.aliyuncs.com/8574d39e-8336-4aa0-a728-450b7dd2885c.jpg');
INSERT INTO `order_detail` VALUES (38, '[дҝғй”Җ]жғ…дәәиҠӮиҠұжқҹ', 25, 34, 3, 244.00, 'https://jinse-flowershop.oss-cn-beijing.aliyuncs.com/8574d39e-8336-4aa0-a728-450b7dd2885c.jpg');
INSERT INTO `order_detail` VALUES (39, '[дҝғй”Җ]и”·и–Ү', 26, 39, 4, 48.00, 'https://jinse-flowershop.oss-cn-beijing.aliyuncs.com/18805b28-6b15-433d-ab9a-39010c628235.jpg');
INSERT INTO `order_detail` VALUES (40, '[дҝғй”Җ]и”·и–Ү', 27, 39, 4, 48.00, 'https://jinse-flowershop.oss-cn-beijing.aliyuncs.com/18805b28-6b15-433d-ab9a-39010c628235.jpg');
INSERT INTO `order_detail` VALUES (41, '[дҝғй”Җ]жңҲеӯЈ', 28, 36, 3, 80.00, 'https://jinse-flowershop.oss-cn-beijing.aliyuncs.com/8e8d9e91-fb74-4eea-ae88-b179e37ec32b.jpg');
INSERT INTO `order_detail` VALUES (42, '[дҝғй”Җ]еә·д№ғйҰЁ', 29, 38, 4, 68.00, 'https://jinse-flowershop.oss-cn-beijing.aliyuncs.com/33d13b56-79cb-4fce-b3f2-f52dbda30751.jpg');
INSERT INTO `order_detail` VALUES (43, '[дҝғй”Җ]жңҲеӯЈ', 30, 36, 3, 80.00, 'https://jinse-flowershop.oss-cn-beijing.aliyuncs.com/8e8d9e91-fb74-4eea-ae88-b179e37ec32b.jpg');
INSERT INTO `order_detail` VALUES (44, '[дҝғй”Җ]жңҲеӯЈ', 31, 36, 3, 80.00, 'https://jinse-flowershop.oss-cn-beijing.aliyuncs.com/8e8d9e91-fb74-4eea-ae88-b179e37ec32b.jpg');
INSERT INTO `order_detail` VALUES (45, '[дҝғй”Җ]жғ…дәәиҠӮиҠұжқҹ', 32, 34, 2, 244.00, 'https://jinse-flowershop.oss-cn-beijing.aliyuncs.com/8574d39e-8336-4aa0-a728-450b7dd2885c.jpg');
INSERT INTO `order_detail` VALUES (46, '[дҝғй”Җ]жңҲеӯЈ180', 33, 41, 1, 48.29, 'https://loremflickr.com/400/400?lock=728997696122934');
INSERT INTO `order_detail` VALUES (47, '[дҝғй”Җ]жңҲеӯЈ', 33, 36, 3, 80.00, 'https://jinse-flowershop.oss-cn-beijing.aliyuncs.com/8e8d9e91-fb74-4eea-ae88-b179e37ec32b.jpg');
INSERT INTO `order_detail` VALUES (48, '[дҝғй”Җ]жғ…дәәиҠӮиҠұжқҹ', 34, 34, 3, 244.00, 'https://jinse-flowershop.oss-cn-beijing.aliyuncs.com/8574d39e-8336-4aa0-a728-450b7dd2885c.jpg');
INSERT INTO `order_detail` VALUES (49, '[дҝғй”Җ]ж»ЎеӨ©жҳҹ', 35, 40, 1, 28.00, 'https://jinse-flowershop.oss-cn-beijing.aliyuncs.com/d2ce22a3-3124-4c6c-970b-c13ed0d47adf.png');
INSERT INTO `order_detail` VALUES (50, '[дҝғй”Җ]ж»ЎеӨ©жҳҹ', 35, 40, 1, 28.00, 'https://jinse-flowershop.oss-cn-beijing.aliyuncs.com/d2ce22a3-3124-4c6c-970b-c13ed0d47adf.png');
INSERT INTO `order_detail` VALUES (51, '[дҝғй”Җ]жңҲеӯЈ', 36, 36, 3, 80.00, 'https://jinse-flowershop.oss-cn-beijing.aliyuncs.com/8e8d9e91-fb74-4eea-ae88-b179e37ec32b.jpg');
INSERT INTO `order_detail` VALUES (52, '[дҝғй”Җ]жғ…дәәиҠӮиҠұжқҹ', 37, 34, 3, 244.00, 'https://jinse-flowershop.oss-cn-beijing.aliyuncs.com/8574d39e-8336-4aa0-a728-450b7dd2885c.jpg');
INSERT INTO `order_detail` VALUES (53, '[дҝғй”Җ]жғ…дәәиҠӮиҠұжқҹ', 38, 34, 3, 244.00, 'https://jinse-flowershop.oss-cn-beijing.aliyuncs.com/8574d39e-8336-4aa0-a728-450b7dd2885c.jpg');
INSERT INTO `order_detail` VALUES (54, '[дҝғй”Җ]жңҲеӯЈ', 39, 36, 4, 80.00, 'https://jinse-flowershop.oss-cn-beijing.aliyuncs.com/8e8d9e91-fb74-4eea-ae88-b179e37ec32b.jpg');
INSERT INTO `order_detail` VALUES (55, '[дҝғй”Җ]жңҲеӯЈ', 40, 36, 3, 80.00, 'https://jinse-flowershop.oss-cn-beijing.aliyuncs.com/8e8d9e91-fb74-4eea-ae88-b179e37ec32b.jpg');
INSERT INTO `order_detail` VALUES (56, '[дҝғй”Җ]и”·и–Ү', 41, 39, 3, 48.00, 'https://jinse-flowershop.oss-cn-beijing.aliyuncs.com/18805b28-6b15-433d-ab9a-39010c628235.jpg');
INSERT INTO `order_detail` VALUES (57, '[дҝғй”Җ]и”·и–Ү', 41, 39, 1, 48.00, 'https://jinse-flowershop.oss-cn-beijing.aliyuncs.com/18805b28-6b15-433d-ab9a-39010c628235.jpg');
INSERT INTO `order_detail` VALUES (58, '[дҝғй”Җ]жңҲеӯЈ', 42, 36, 4, 80.00, 'https://jinse-flowershop.oss-cn-beijing.aliyuncs.com/8e8d9e91-fb74-4eea-ae88-b179e37ec32b.jpg');
INSERT INTO `order_detail` VALUES (59, '[дҝғй”Җ]жғ…дәәиҠӮиҠұжқҹ', 43, 34, 3, 244.00, 'https://jinse-flowershop.oss-cn-beijing.aliyuncs.com/8574d39e-8336-4aa0-a728-450b7dd2885c.jpg');
INSERT INTO `order_detail` VALUES (60, '[дҝғй”Җ]жңҲеӯЈ', 44, 36, 3, 80.00, 'https://jinse-flowershop.oss-cn-beijing.aliyuncs.com/8e8d9e91-fb74-4eea-ae88-b179e37ec32b.jpg');
INSERT INTO `order_detail` VALUES (61, '[дҝғй”Җ]и”·и–Ү', 45, 39, 2, 48.00, 'https://jinse-flowershop.oss-cn-beijing.aliyuncs.com/18805b28-6b15-433d-ab9a-39010c628235.jpg');
INSERT INTO `order_detail` VALUES (62, '[дҝғй”Җ]и”·и–Ү', 45, 39, 1, 48.00, 'https://jinse-flowershop.oss-cn-beijing.aliyuncs.com/18805b28-6b15-433d-ab9a-39010c628235.jpg');
INSERT INTO `order_detail` VALUES (63, '[дҝғй”Җ]и”·и–Ү', 46, 39, 3, 48.00, 'https://jinse-flowershop.oss-cn-beijing.aliyuncs.com/18805b28-6b15-433d-ab9a-39010c628235.jpg');
INSERT INTO `order_detail` VALUES (64, '[дҝғй”Җ]жғ…дәәиҠӮиҠұжқҹ', 47, 34, 3, 244.00, 'https://jinse-flowershop.oss-cn-beijing.aliyuncs.com/8574d39e-8336-4aa0-a728-450b7dd2885c.jpg');
INSERT INTO `order_detail` VALUES (65, '[дҝғй”Җ]жңҲеӯЈ', 48, 32, 3, 80.00, 'https://jinse-flowershop.oss-cn-beijing.aliyuncs.com/8e8d9e91-fb74-4eea-ae88-b179e37ec32b.jpg');
INSERT INTO `order_detail` VALUES (66, '[дҝғй”Җ]жғ…дәәиҠӮиҠұжқҹ', 48, 34, 2, 244.00, 'https://jinse-flowershop.oss-cn-beijing.aliyuncs.com/8574d39e-8336-4aa0-a728-450b7dd2885c.jpg');
INSERT INTO `order_detail` VALUES (67, '[дҝғй”Җ]и”·и–Ү', 48, 39, 4, 48.00, 'https://jinse-flowershop.oss-cn-beijing.aliyuncs.com/18805b28-6b15-433d-ab9a-39010c628235.jpg');
INSERT INTO `order_detail` VALUES (68, '[дҝғй”Җ]и”·и–Ү', 49, 39, 1, 48.00, 'https://jinse-flowershop.oss-cn-beijing.aliyuncs.com/18805b28-6b15-433d-ab9a-39010c628235.jpg');
INSERT INTO `order_detail` VALUES (69, '[дҝғй”Җ]жңҲеӯЈ180', 50, 41, 1, 48.29, 'https://loremflickr.com/400/400?lock=728997696122934');
INSERT INTO `order_detail` VALUES (70, '[дҝғй”Җ]жғ…дәәиҠӮиҠұжқҹ', 50, 35, 1, 233.00, 'https://jinse-flowershop.oss-cn-beijing.aliyuncs.com/8574d39e-8336-4aa0-a728-450b7dd2885c.jpg');
INSERT INTO `order_detail` VALUES (71, '[дҝғй”Җ]жңҲеӯЈ', 50, 32, 1, 80.00, 'https://jinse-flowershop.oss-cn-beijing.aliyuncs.com/8e8d9e91-fb74-4eea-ae88-b179e37ec32b.jpg');
INSERT INTO `order_detail` VALUES (72, '[дҝғй”Җ]зҺ«з‘°жө·жЈ ', 50, 33, 1, 20.00, 'https://jinse-flowershop.oss-cn-beijing.aliyuncs.com/30cb3ace-245f-4d41-805f-a1ffa35c520f.jpg');
INSERT INTO `order_detail` VALUES (73, '[дҝғй”Җ]ж»ЎеӨ©жҳҹ', 50, 40, 1, 28.00, 'https://jinse-flowershop.oss-cn-beijing.aliyuncs.com/d2ce22a3-3124-4c6c-970b-c13ed0d47adf.png');
INSERT INTO `order_detail` VALUES (74, '[дҝғй”Җ]жңҲеӯЈ', 50, 36, 1, 80.00, 'https://jinse-flowershop.oss-cn-beijing.aliyuncs.com/8e8d9e91-fb74-4eea-ae88-b179e37ec32b.jpg');
INSERT INTO `order_detail` VALUES (75, '[дҝғй”Җ]и”·и–Ү', 50, 39, 1, 48.00, 'https://jinse-flowershop.oss-cn-beijing.aliyuncs.com/18805b28-6b15-433d-ab9a-39010c628235.jpg');
INSERT INTO `order_detail` VALUES (76, '[дҝғй”Җ]жғ…дәәиҠӮиҠұжқҹ', 50, 34, 1, 244.00, 'https://jinse-flowershop.oss-cn-beijing.aliyuncs.com/8574d39e-8336-4aa0-a728-450b7dd2885c.jpg');
INSERT INTO `order_detail` VALUES (77, '[дҝғй”Җ]жғ…дәәиҠӮиҠұжқҹ', 51, 34, 1, 244.00, 'https://jinse-flowershop.oss-cn-beijing.aliyuncs.com/8574d39e-8336-4aa0-a728-450b7dd2885c.jpg');
INSERT INTO `order_detail` VALUES (78, '[дҝғй”Җ]жңҲеӯЈ', 52, 36, 4, 80.00, 'https://jinse-flowershop.oss-cn-beijing.aliyuncs.com/8e8d9e91-fb74-4eea-ae88-b179e37ec32b.jpg');
INSERT INTO `order_detail` VALUES (79, 'жңҲеӯЈ', 53, 25, 1, 100.00, 'https://jinse-flowershop.oss-cn-beijing.aliyuncs.com/8e8d9e91-fb74-4eea-ae88-b179e37ec32b.jpg');
INSERT INTO `order_detail` VALUES (80, 'ж°ҙд»ҷиҠұ', 53, 24, 1, 40.00, 'https://jinse-flowershop.oss-cn-beijing.aliyuncs.com/43c9585e-24f4-484c-9bbd-6121ca7ebb89.jpg');
INSERT INTO `order_detail` VALUES (81, '[дҝғй”Җ]жңҲеӯЈ', 53, 32, 1, 80.00, 'https://jinse-flowershop.oss-cn-beijing.aliyuncs.com/8e8d9e91-fb74-4eea-ae88-b179e37ec32b.jpg');
INSERT INTO `order_detail` VALUES (82, '[дҝғй”Җ]жғ…дәәиҠӮиҠұжқҹ', 53, 35, 1, 233.00, 'https://jinse-flowershop.oss-cn-beijing.aliyuncs.com/8574d39e-8336-4aa0-a728-450b7dd2885c.jpg');
INSERT INTO `order_detail` VALUES (83, '[дҝғй”Җ]жңҲеӯЈ', 53, 36, 1, 80.00, 'https://jinse-flowershop.oss-cn-beijing.aliyuncs.com/8e8d9e91-fb74-4eea-ae88-b179e37ec32b.jpg');
INSERT INTO `order_detail` VALUES (84, '[дҝғй”Җ]еә·д№ғйҰЁ', 53, 38, 1, 68.00, 'https://jinse-flowershop.oss-cn-beijing.aliyuncs.com/33d13b56-79cb-4fce-b3f2-f52dbda30751.jpg');
INSERT INTO `order_detail` VALUES (85, '[дҝғй”Җ]и”·и–Ү', 53, 39, 2, 48.00, 'https://jinse-flowershop.oss-cn-beijing.aliyuncs.com/18805b28-6b15-433d-ab9a-39010c628235.jpg');
INSERT INTO `order_detail` VALUES (86, '[дҝғй”Җ]и”·и–Ү', 54, 39, 1, 48.00, 'https://jinse-flowershop.oss-cn-beijing.aliyuncs.com/18805b28-6b15-433d-ab9a-39010c628235.jpg');
INSERT INTO `order_detail` VALUES (87, '[дҝғй”Җ]жңҲеӯЈ', 54, 36, 2, 80.00, 'https://jinse-flowershop.oss-cn-beijing.aliyuncs.com/8e8d9e91-fb74-4eea-ae88-b179e37ec32b.jpg');
INSERT INTO `order_detail` VALUES (88, '[дҝғй”Җ]жғ…дәәиҠӮиҠұжқҹ', 54, 34, 2, 244.00, 'https://jinse-flowershop.oss-cn-beijing.aliyuncs.com/8574d39e-8336-4aa0-a728-450b7dd2885c.jpg');
INSERT INTO `order_detail` VALUES (89, '[дҝғй”Җ]жңҲеӯЈ', 55, 36, 2, 80.00, 'https://jinse-flowershop.oss-cn-beijing.aliyuncs.com/8e8d9e91-fb74-4eea-ae88-b179e37ec32b.jpg');
INSERT INTO `order_detail` VALUES (90, '[дҝғй”Җ]ж»ЎеӨ©жҳҹ', 56, 37, 2, 20.00, 'https://jinse-flowershop.oss-cn-beijing.aliyuncs.com/d2ce22a3-3124-4c6c-970b-c13ed0d47adf.png');
INSERT INTO `order_detail` VALUES (91, '[дҝғй”Җ]еә·д№ғйҰЁ', 56, 38, 1, 68.00, 'https://jinse-flowershop.oss-cn-beijing.aliyuncs.com/33d13b56-79cb-4fce-b3f2-f52dbda30751.jpg');
INSERT INTO `order_detail` VALUES (92, '[дҝғй”Җ]жңҲеӯЈ', 56, 36, 2, 80.00, 'https://jinse-flowershop.oss-cn-beijing.aliyuncs.com/8e8d9e91-fb74-4eea-ae88-b179e37ec32b.jpg');
INSERT INTO `order_detail` VALUES (93, '[дҝғй”Җ]и”·и–Ү', 56, 39, 1, 48.00, 'https://jinse-flowershop.oss-cn-beijing.aliyuncs.com/18805b28-6b15-433d-ab9a-39010c628235.jpg');
INSERT INTO `order_detail` VALUES (94, '[дҝғй”Җ]жғ…дәәиҠӮиҠұжқҹ', 56, 35, 2, 233.00, 'https://jinse-flowershop.oss-cn-beijing.aliyuncs.com/8574d39e-8336-4aa0-a728-450b7dd2885c.jpg');
INSERT INTO `order_detail` VALUES (95, '[дҝғй”Җ]ж»ЎеӨ©жҳҹ', 56, 40, 3, 28.00, 'https://jinse-flowershop.oss-cn-beijing.aliyuncs.com/d2ce22a3-3124-4c6c-970b-c13ed0d47adf.png');
INSERT INTO `order_detail` VALUES (96, '[дҝғй”Җ]жңҲеӯЈ', 57, 32, 1, 80.00, 'https://jinse-flowershop.oss-cn-beijing.aliyuncs.com/8e8d9e91-fb74-4eea-ae88-b179e37ec32b.jpg');
INSERT INTO `order_detail` VALUES (97, '[дҝғй”Җ]и”·и–Ү', 57, 39, 1, 48.00, 'https://jinse-flowershop.oss-cn-beijing.aliyuncs.com/18805b28-6b15-433d-ab9a-39010c628235.jpg');
INSERT INTO `order_detail` VALUES (98, '[дҝғй”Җ]ж»ЎеӨ©жҳҹ', 57, 40, 1, 28.00, 'https://jinse-flowershop.oss-cn-beijing.aliyuncs.com/d2ce22a3-3124-4c6c-970b-c13ed0d47adf.png');
INSERT INTO `order_detail` VALUES (99, '[дҝғй”Җ]жғ…дәәиҠӮиҠұжқҹ', 57, 34, 1, 244.00, 'https://jinse-flowershop.oss-cn-beijing.aliyuncs.com/8574d39e-8336-4aa0-a728-450b7dd2885c.jpg');
INSERT INTO `order_detail` VALUES (100, '[дҝғй”Җ]жңҲеӯЈ', 57, 36, 1, 80.00, 'https://jinse-flowershop.oss-cn-beijing.aliyuncs.com/8e8d9e91-fb74-4eea-ae88-b179e37ec32b.jpg');
INSERT INTO `order_detail` VALUES (101, '[дҝғй”Җ]жғ…дәәиҠӮиҠұжқҹ', 58, 34, 3, 244.00, 'https://jinse-flowershop.oss-cn-beijing.aliyuncs.com/8574d39e-8336-4aa0-a728-450b7dd2885c.jpg');
INSERT INTO `order_detail` VALUES (102, '[дҝғй”Җ]ж»ЎеӨ©жҳҹ', 58, 40, 1, 28.00, 'https://jinse-flowershop.oss-cn-beijing.aliyuncs.com/d2ce22a3-3124-4c6c-970b-c13ed0d47adf.png');
INSERT INTO `order_detail` VALUES (103, '[дҝғй”Җ]и”·и–Ү', 58, 39, 1, 48.00, 'https://jinse-flowershop.oss-cn-beijing.aliyuncs.com/18805b28-6b15-433d-ab9a-39010c628235.jpg');
INSERT INTO `order_detail` VALUES (104, '[дҝғй”Җ]и”·и–Ү', 59, 39, 4, 48.00, 'https://jinse-flowershop.oss-cn-beijing.aliyuncs.com/18805b28-6b15-433d-ab9a-39010c628235.jpg');
INSERT INTO `order_detail` VALUES (105, '[дҝғй”Җ]жғ…дәәиҠӮиҠұжқҹ', 60, 34, 1, 244.00, 'https://jinse-flowershop.oss-cn-beijing.aliyuncs.com/8574d39e-8336-4aa0-a728-450b7dd2885c.jpg');
INSERT INTO `order_detail` VALUES (106, '[дҝғй”Җ]и”·и–Ү', 61, 39, 1, 48.00, 'https://jinse-flowershop.oss-cn-beijing.aliyuncs.com/18805b28-6b15-433d-ab9a-39010c628235.jpg');
INSERT INTO `order_detail` VALUES (107, '[дҝғй”Җ]еә·д№ғйҰЁ', 61, 38, 2, 68.00, 'https://jinse-flowershop.oss-cn-beijing.aliyuncs.com/33d13b56-79cb-4fce-b3f2-f52dbda30751.jpg');
INSERT INTO `order_detail` VALUES (108, '[дҝғй”Җ]жңҲеӯЈ', 62, 36, 2, 80.00, 'https://jinse-flowershop.oss-cn-beijing.aliyuncs.com/8e8d9e91-fb74-4eea-ae88-b179e37ec32b.jpg');
INSERT INTO `order_detail` VALUES (109, '[дҝғй”Җ]еҗӣеӯҗе…°', 63, 43, 1, 20.00, 'https://jinse-flowershop.oss-cn-beijing.aliyuncs.com/a8fc64d0-a6f6-4d12-a71a-7531e94cc1eb.jpg');
INSERT INTO `order_detail` VALUES (110, '[дҝғй”Җ]жңҲеӯЈ', 63, 36, 3, 80.00, 'https://jinse-flowershop.oss-cn-beijing.aliyuncs.com/8e8d9e91-fb74-4eea-ae88-b179e37ec32b.jpg');
INSERT INTO `order_detail` VALUES (111, '[дҝғй”Җ]еә·д№ғйҰЁ', 64, 38, 9, 68.00, 'https://jinse-flowershop.oss-cn-beijing.aliyuncs.com/33d13b56-79cb-4fce-b3f2-f52dbda30751.jpg');
INSERT INTO `order_detail` VALUES (112, '[дҝғй”Җ]еә·д№ғйҰЁ', 64, 38, 1, 68.00, 'https://jinse-flowershop.oss-cn-beijing.aliyuncs.com/33d13b56-79cb-4fce-b3f2-f52dbda30751.jpg');
INSERT INTO `order_detail` VALUES (113, '[дҝғй”Җ]жғ…дәәиҠӮиҠұжқҹ', 65, 35, 1, 233.00, 'https://jinse-flowershop.oss-cn-beijing.aliyuncs.com/8574d39e-8336-4aa0-a728-450b7dd2885c.jpg');
INSERT INTO `order_detail` VALUES (114, 'зәўжҺҢ', 66, 12, 3, 30.00, 'https://jinse-flowershop.oss-cn-beijing.aliyuncs.com/cce459a4-4d2c-4912-a8ac-2020b68ef83d.jpg');
INSERT INTO `order_detail` VALUES (115, '[дҝғй”Җ]ж»ЎеӨ©жҳҹ', 66, 37, 1, 20.00, 'https://jinse-flowershop.oss-cn-beijing.aliyuncs.com/d2ce22a3-3124-4c6c-970b-c13ed0d47adf.png');
INSERT INTO `order_detail` VALUES (116, 'жҜ•дёҡиҠұжқҹ', 67, 11, 4, 256.00, 'https://jinse-flowershop.oss-cn-beijing.aliyuncs.com/c3187777-9081-4d6f-a7af-1fa41039c838.jpg');
INSERT INTO `order_detail` VALUES (117, '[дҝғй”Җ]еә·д№ғйҰЁ', 68, 38, 4, 68.00, 'https://jinse-flowershop.oss-cn-beijing.aliyuncs.com/33d13b56-79cb-4fce-b3f2-f52dbda30751.jpg');
INSERT INTO `order_detail` VALUES (118, '[дҝғй”Җ]зҺ«з‘°жө·жЈ ', 68, 33, 1, 20.00, 'https://jinse-flowershop.oss-cn-beijing.aliyuncs.com/30cb3ace-245f-4d41-805f-a1ffa35c520f.jpg');
INSERT INTO `order_detail` VALUES (119, '[дҝғй”Җ]жғ…дәәиҠӮиҠұжқҹ', 68, 34, 1, 244.00, 'https://jinse-flowershop.oss-cn-beijing.aliyuncs.com/8574d39e-8336-4aa0-a728-450b7dd2885c.jpg');
INSERT INTO `order_detail` VALUES (120, '[дҝғй”Җ]ж»ЎеӨ©жҳҹ', 69, 40, 5, 28.00, 'https://jinse-flowershop.oss-cn-beijing.aliyuncs.com/d2ce22a3-3124-4c6c-970b-c13ed0d47adf.png');
INSERT INTO `order_detail` VALUES (121, 'зәўжҺҢ', 70, 12, 8, 30.00, 'https://jinse-flowershop.oss-cn-beijing.aliyuncs.com/cce459a4-4d2c-4912-a8ac-2020b68ef83d.jpg');
INSERT INTO `order_detail` VALUES (122, 'еӨҡиӮү', 71, 3, 5, 15.00, 'https://jinse-flowershop.oss-cn-beijing.aliyuncs.com/c69fda2f-cf44-4862-bd52-d3b665ca7e1b.jpg');
INSERT INTO `order_detail` VALUES (123, '[дҝғй”Җ]ж»ЎеӨ©жҳҹ', 72, 40, 5, 28.00, 'https://jinse-flowershop.oss-cn-beijing.aliyuncs.com/d2ce22a3-3124-4c6c-970b-c13ed0d47adf.png');
INSERT INTO `order_detail` VALUES (124, '[дҝғй”Җ]ж»ЎеӨ©жҳҹ', 73, 40, 5, 28.00, 'https://jinse-flowershop.oss-cn-beijing.aliyuncs.com/d2ce22a3-3124-4c6c-970b-c13ed0d47adf.png');
INSERT INTO `order_detail` VALUES (125, '[дҝғй”Җ]ж»ЎеӨ©жҳҹ', 74, 40, 5, 28.00, 'https://jinse-flowershop.oss-cn-beijing.aliyuncs.com/d2ce22a3-3124-4c6c-970b-c13ed0d47adf.png');
INSERT INTO `order_detail` VALUES (126, '[дҝғй”Җ]и”·и–Ү', 75, 44, 1, 48.00, 'https://jinse-flowershop.oss-cn-beijing.aliyuncs.com/18805b28-6b15-433d-ab9a-39010c628235.jpg');
INSERT INTO `order_detail` VALUES (127, 'и”·и–Ү', 76, 21, 2, 50.00, 'https://jinse-flowershop.oss-cn-beijing.aliyuncs.com/18805b28-6b15-433d-ab9a-39010c628235.jpg');

-- ----------------------------
-- Table structure for orders
-- ----------------------------
DROP TABLE IF EXISTS `orders`;
CREATE TABLE `orders`  (
  `id` bigint NOT NULL AUTO_INCREMENT COMMENT 'и®ўеҚ•ID',
  `number` varchar(50) CHARACTER SET utf8mb4 COLLATE utf8mb4_0900_ai_ci NULL DEFAULT NULL COMMENT 'и®ўеҚ•еҸ·',
  `status` int NULL DEFAULT NULL COMMENT 'и®ўеҚ•зҠ¶жҖҒ 1еҫ…д»ҳж¬ҫ 2еҫ…жҺҘеҚ• 3е·ІжҺҘеҚ• 4жҙҫйҖҒдёӯ 5е·Іе®ҢжҲҗ 6е·ІеҸ–ж¶Ҳ',
  `user_id` bigint NULL DEFAULT NULL COMMENT 'дёӢеҚ•з”ЁжҲ·ID',
  `address_book_id` bigint NULL DEFAULT NULL COMMENT 'ең°еқҖз°ҝID',
  `order_time` datetime NULL DEFAULT NULL COMMENT 'дёӢеҚ•ж—¶й—ҙ',
  `checkout_time` datetime NULL DEFAULT NULL COMMENT 'з»“иҙҰж—¶й—ҙ',
  `pay_method` int NULL DEFAULT NULL COMMENT 'ж”Ҝд»ҳж–№ејҸ 1еҫ®дҝЎ 2ж”Ҝд»ҳе®қ',
  `pay_status` int NULL DEFAULT NULL COMMENT 'ж”Ҝд»ҳзҠ¶жҖҒ 0жңӘж”Ҝд»ҳ 1е·Іж”Ҝд»ҳ 2йҖҖж¬ҫ',
  `amount` decimal(10, 2) NULL DEFAULT NULL COMMENT 'е®һж”¶йҮ‘йўқ',
  `remark` varchar(500) CHARACTER SET utf8mb4 COLLATE utf8mb4_0900_ai_ci NULL DEFAULT NULL COMMENT 'еӨҮжіЁ',
  `user_name` varchar(32) CHARACTER SET utf8mb4 COLLATE utf8mb4_0900_ai_ci NULL DEFAULT NULL COMMENT 'з”ЁжҲ·еҗҚ',
  `phone` varchar(11) CHARACTER SET utf8mb4 COLLATE utf8mb4_0900_ai_ci NULL DEFAULT NULL COMMENT 'жүӢжңәеҸ·',
  `address` varchar(255) CHARACTER SET utf8mb4 COLLATE utf8mb4_0900_ai_ci NULL DEFAULT NULL COMMENT 'ең°еқҖ',
  `consignee` varchar(32) CHARACTER SET utf8mb4 COLLATE utf8mb4_0900_ai_ci NULL DEFAULT NULL COMMENT 'ж”¶иҙ§дәә',
  `cancel_reason` varchar(255) CHARACTER SET utf8mb4 COLLATE utf8mb4_0900_ai_ci NULL DEFAULT NULL COMMENT 'еҸ–ж¶ҲеҺҹеӣ ',
  `rejection_reason` varchar(255) CHARACTER SET utf8mb4 COLLATE utf8mb4_0900_ai_ci NULL DEFAULT NULL COMMENT 'жӢ’з»қеҺҹеӣ ',
  `cancel_time` datetime NULL DEFAULT NULL COMMENT 'еҸ–ж¶Ҳж—¶й—ҙ',
  `estimated_delivery_time` datetime NULL DEFAULT NULL COMMENT 'йў„и®ЎйҖҒиҫҫж—¶й—ҙ',
  `delivery_status` int NULL DEFAULT NULL COMMENT 'й…ҚйҖҒзҠ¶жҖҒ 1з«ӢеҚійҖҒеҮә 0йҖүжӢ©е…·дҪ“ж—¶й—ҙ',
  `delivery_time` datetime NULL DEFAULT NULL COMMENT 'йҖҒиҫҫж—¶й—ҙ',
  `pack_amount` int NULL DEFAULT 0 COMMENT 'жү“еҢ…иҙ№',
  `delivery_fee` int NULL DEFAULT 0 COMMENT 'й…ҚйҖҒиҙ№',
  PRIMARY KEY (`id`) USING BTREE
) ENGINE = InnoDB AUTO_INCREMENT = 77 CHARACTER SET = utf8mb4 COLLATE = utf8mb4_0900_ai_ci COMMENT = 'и®ўеҚ•иЎЁ' ROW_FORMAT = Dynamic;

-- ----------------------------
-- Records of orders
-- ----------------------------
INSERT INTO `orders` VALUES (71, '1780053461996', 2, 9, 5, '2026-05-29 19:17:42', '2026-05-29 19:20:25', 1, 1, 85.00, '', NULL, '13132323532', 'дҪӣеұұеӨ§еӯҰ', 'жқҺеӣӣ', NULL, NULL, NULL, '2026-05-31 19:17:42', 1, NULL, 0, 0);
INSERT INTO `orders` VALUES (72, '1780053657033', 7, 9, 5, '2026-05-29 19:20:57', '2026-05-29 19:20:58', 1, 2, 150.00, '', NULL, '13132323532', 'дҪӣеұұеӨ§еӯҰ', 'жқҺеӣӣ', 'е•Ҷе®¶еҗҢж„ҸйҖҖиҙ§', NULL, '2026-05-29 19:21:26', '2026-05-31 19:20:57', 1, NULL, 0, 0);
INSERT INTO `orders` VALUES (73, '1780053799676', 7, 9, 5, '2026-05-29 19:23:20', '2026-05-29 19:23:21', 1, 1, 150.00, '', NULL, '13132323532', 'дҪӣеұұеӨ§еӯҰ', 'жқҺеӣӣ', 'еә“еӯҳдёҚи¶і', NULL, '2026-05-29 19:25:28', '2026-05-31 19:23:20', 1, NULL, 0, 0);
INSERT INTO `orders` VALUES (74, '1780053950736', 4, 9, 5, '2026-05-29 19:25:51', '2026-05-29 19:25:52', 1, 1, 150.00, '', NULL, '13132323532', 'дҪӣеұұеӨ§еӯҰ', 'жқҺеӣӣ', NULL, NULL, NULL, '2026-05-31 19:25:51', 1, '2026-05-29 19:26:12', 0, 0);
INSERT INTO `orders` VALUES (75, '1780054064021', 2, 9, 5, '2026-05-29 19:27:44', '2026-05-29 19:27:45', 1, 1, 58.00, '', NULL, '13132323532', 'дҪӣеұұеӨ§еӯҰ', 'жқҺеӣӣ', NULL, NULL, NULL, '2026-05-31 19:27:44', 1, NULL, 0, 0);

-- ----------------------------
-- Table structure for participation
-- ----------------------------
DROP TABLE IF EXISTS `participation`;
CREATE TABLE `participation`  (
  `id` bigint NOT NULL AUTO_INCREMENT COMMENT 'еҸӮдёҺID',
  `activity_id` bigint NULL DEFAULT NULL COMMENT 'жҙ»еҠЁID',
  `user_id` bigint NULL DEFAULT NULL COMMENT 'з”ЁжҲ·ID',
  `quantity` int NULL DEFAULT NULL COMMENT 'ж•°йҮҸ',
  `order_id` bigint NULL DEFAULT NULL COMMENT 'и®ўеҚ•ID',
  `create_time` datetime NULL DEFAULT NULL COMMENT 'еҲӣе»әж—¶й—ҙ',
  PRIMARY KEY (`id`) USING BTREE
) ENGINE = InnoDB CHARACTER SET = utf8mb4 COLLATE = utf8mb4_0900_ai_ci COMMENT = 'жҙ»еҠЁеҸӮдёҺиЎЁ' ROW_FORMAT = Dynamic;

-- ----------------------------
-- Records of participation
-- ----------------------------

-- ----------------------------
-- Table structure for shopping_cart
-- ----------------------------
DROP TABLE IF EXISTS `shopping_cart`;
CREATE TABLE `shopping_cart`  (
  `id` bigint NOT NULL AUTO_INCREMENT COMMENT 'иҙӯзү©иҪҰID',
  `name` varchar(64) CHARACTER SET utf8mb4 COLLATE utf8mb4_0900_ai_ci NULL DEFAULT NULL COMMENT 'еҗҚз§°',
  `user_id` bigint NULL DEFAULT NULL COMMENT 'з”ЁжҲ·ID',
  `flower_id` bigint NULL DEFAULT NULL COMMENT 'йІңиҠұID',
  `number` int NULL DEFAULT NULL COMMENT 'ж•°йҮҸ',
  `amount` decimal(10, 2) NULL DEFAULT NULL COMMENT 'йҮ‘йўқ',
  `image` varchar(500) CHARACTER SET utf8mb4 COLLATE utf8mb4_0900_ai_ci NULL DEFAULT NULL COMMENT 'еӣҫзүҮ',
  `create_time` datetime NULL DEFAULT NULL COMMENT 'еҲӣе»әж—¶й—ҙ',
  PRIMARY KEY (`id`) USING BTREE
) ENGINE = InnoDB AUTO_INCREMENT = 218 CHARACTER SET = utf8mb4 COLLATE = utf8mb4_0900_ai_ci COMMENT = 'иҙӯзү©иҪҰиЎЁ' ROW_FORMAT = Dynamic;

-- ----------------------------
-- Records of shopping_cart
-- ----------------------------
INSERT INTO `shopping_cart` VALUES (217, '[дҝғй”Җ]зҺ«з‘°жө·жЈ ', 9, 33, 1, 20.00, 'https://jinse-flowershop.oss-cn-beijing.aliyuncs.com/30cb3ace-245f-4d41-805f-a1ffa35c520f.jpg', '2026-05-30 14:37:39');

-- ----------------------------
-- Table structure for user
-- ----------------------------
DROP TABLE IF EXISTS `user`;
CREATE TABLE `user`  (
  `id` bigint NOT NULL AUTO_INCREMENT COMMENT 'з”ЁжҲ·ID',
  `name` varchar(32) CHARACTER SET utf8mb4 COLLATE utf8mb4_0900_ai_ci NULL DEFAULT NULL COMMENT 'е§“еҗҚ',
  `phone` varchar(11) CHARACTER SET utf8mb4 COLLATE utf8mb4_0900_ai_ci NULL DEFAULT NULL COMMENT 'жүӢжңәеҸ·',
  `sex` varchar(2) CHARACTER SET utf8mb4 COLLATE utf8mb4_0900_ai_ci NULL DEFAULT NULL COMMENT 'жҖ§еҲ« 0еҘі 1з”·',
  `id_number` varchar(18) CHARACTER SET utf8mb4 COLLATE utf8mb4_0900_ai_ci NULL DEFAULT NULL COMMENT 'иә«д»ҪиҜҒеҸ·',
  `avatar` varchar(500) CHARACTER SET utf8mb4 COLLATE utf8mb4_0900_ai_ci NULL DEFAULT NULL COMMENT 'еӨҙеғҸ',
  `create_time` datetime NULL DEFAULT NULL COMMENT 'жіЁеҶҢж—¶й—ҙ',
  `username` varchar(32) CHARACTER SET utf8mb4 COLLATE utf8mb4_0900_ai_ci NULL DEFAULT NULL COMMENT 'иҙҰеҸ·',
  `password` varchar(64) CHARACTER SET utf8mb4 COLLATE utf8mb4_0900_ai_ci NULL DEFAULT NULL COMMENT 'еҜҶз Ғ',
  PRIMARY KEY (`id`) USING BTREE
) ENGINE = InnoDB AUTO_INCREMENT = 10 CHARACTER SET = utf8mb4 COLLATE = utf8mb4_0900_ai_ci COMMENT = 'з”ЁжҲ·иЎЁ' ROW_FORMAT = Dynamic;

-- ----------------------------
-- Records of user
-- ----------------------------
INSERT INTO `user` VALUES (1, '123', '123', '1', '123', '132', '2026-05-13 19:59:44', '222', '123');
INSERT INTO `user` VALUES (2, '456', '456', '0', '456', '456', '2026-05-20 20:07:58', '456', '456');
INSERT INTO `user` VALUES (4, 'еј дёү', '132', '1', '123', 'https://jinse-flowershop.oss-cn-beijing.aliyuncs.com/ff3c2f87-d761-430d-9c19-51164bf3a762.jpg', '2026-05-23 18:33:16', '123', '12345');
INSERT INTO `user` VALUES (6, 'Jin', '13535121212', NULL, NULL, NULL, '2026-05-23 20:58:43', '281872', '123456');
INSERT INTO `user` VALUES (7, 'йЈҺеҗ№жңҲж»ЎжҘј', '13131412151', '1', '10086', 'https://jinse-flowershop.oss-cn-beijing.aliyuncs.com/83e953fd-d278-4adc-8c55-f5e264c55b13.gif', '2026-05-24 11:44:22', '10086', '10086');
INSERT INTO `user` VALUES (9, '9527', '13131215181', '1', '123', 'https://jinse-flowershop.oss-cn-beijing.aliyuncs.com/c7232a81-cee3-4d5f-938d-ae09bcf87722.gif', '2026-05-26 20:52:37', '9527', '952710086');

-- ----------------------------
-- Table structure for user_comment
-- ----------------------------
DROP TABLE IF EXISTS `user_comment`;
CREATE TABLE `user_comment`  (
  `id` bigint NOT NULL AUTO_INCREMENT COMMENT 'з”ЁжҲ·зӮ№иөһи®°еҪ•ID',
  `comment_id` bigint NULL DEFAULT NULL COMMENT 'иҜ„и®әID',
  `user_id` bigint NULL DEFAULT NULL COMMENT 'з”ЁжҲ·ID',
  PRIMARY KEY (`id`) USING BTREE,
  UNIQUE INDEX `uk_user_comment`(`user_id` ASC, `comment_id` ASC) USING BTREE
) ENGINE = InnoDB AUTO_INCREMENT = 9 CHARACTER SET = utf8mb4 COLLATE = utf8mb4_0900_ai_ci COMMENT = 'з”ЁжҲ·зӮ№иөһиҜ„и®әи®°еҪ•иЎЁ' ROW_FORMAT = Dynamic;

-- ----------------------------
-- Records of user_comment
-- ----------------------------
INSERT INTO `user_comment` VALUES (2, 1, 9);

SET FOREIGN_KEY_CHECKS = 1;
